<?xml version="1.0" encoding="UTF-8"?>
<beans xmlns="http://www.springframework.org/schema/beans" xmlns:xsi="http://www.w3.org/2001/XMLSchema-instance" xmlns:context="http://www.springframework.org/schema/context" xsi:schemaLocation="http://www.springframework.org/schema/beans http://www.springframework.org/schema/beans/spring-beans.xsd
    http://www.springframework.org/schema/context http://www.springframework.org/schema/context/spring-context.xsd">
    <bean id = "answers" class = "com.employee.QuestionWithAnswers.Answers">
    <property name="AnswersList">
    <list>
    <value>First Answer</value>
    <value>Second Answer</value>
    <value>Second Answer</value>
    </list>
    </property>
    <property name="AnswersSet">
    <set>
    <value>First Answer</value>
    <value>Second Answer</value>
    <value>Second Answer</value>
    </set>
    </property>
    <property name="AnswersMap">
    <map>
    <entry key ="1" value ="First Answer"></entry>
    <entry key ="2" value ="second Answer"></entry>
    <entry key ="3" value ="third Answer"></entry>
    </map>
    </property>
    </bean >
    <bean id = "question" class = "com.employee.QuestionWithAnswers.Question">
    <property name="questionId" value="1"></property>
    <property name="question" value="write the some answers for this question"></property>
    <property name="answers" ref="answers"></property>
    </bean>
    
    
    
    
    
    </beans>
 