<?xml version="1.0" encoding="UTF-8"?>
<beans xmlns="http://www.springframework.org/schema/beans" xmlns:xsi="http://www.w3.org/2001/XMLSchema-instance" xmlns:context="http://www.springframework.org/schema/context" xsi:schemaLocation="http://www.springframework.org/schema/beans http://www.springframework.org/schema/beans/spring-beans.xsd
    http://www.springframework.org/schema/context http://www.springframework.org/schema/context/spring-context.xsd">
	<bean id="address" class="com.employee.CustomerDetails.Address">
		<property name="street" value="Dosakalapet"></property>
		<property name="city" value="Jetaprole"></property>
		<property name="state" value="Telangana"></property>
		<property name="Zip" value="509105"></property>
		<property name="country" value="India"></property>
	</bean>
	<bean id="customer" class="com.employee.CustomerDetails.Customer">
		<property name="CustomerId" value="123"></property>
		<property name="CustomerName" value="Keshav"></property>
		<property name="CustomerContact" value="9989897690"></property>
		<property name="address" ref="address"></property>

	</bean>

</beans>